{
    "1.1 Main Sequence (Sequence)": [
        "Private = False",
        {
            "Variables": [
                "content(String)",
                "address(IEnumerable<Match>)",
                "aadhaarNo(IEnumerable<Match>)",
                "mobile(IEnumerable<Match>)",
                "name(IEnumerable<Match>)",
                "district(IEnumerable<Match>)",
                "state(IEnumerable<Match>)",
                "pincode(IEnumerable<Match>)",
                "details(DataTable)"
            ]
        },
        {
            "Activities": [
                {
                    "1.344 Read PDF Text (ReadPDFText)": [
                        "FileName = D:\\RPA Paper\\Vineet Aadhar Normal.pdf",
                        "Range = All",
                        "Text = content",
                        "Private = False"
                    ]
                },
                {
                    "1.322 Find Matching Patterns (Matches)": [
                        "Pattern = \\d{4} \\d{4} \\d{4}",
                        "Text to search in = content",
                        "Pattern options = IgnoreCase, Compiled",
                        "Result = aadhaarNo",
                        "ResultType = System.Collections.Generic.IEnumerable`1[System.Text.RegularExpressions.Match]",
                        "Private = False"
                    ]
                },
                {
                    "1.300 Find Matching Patterns (Matches)": [
                        "Pattern = To(?:.*\\n){4}((?:.*\\n)*?PIN Code: \\d{6})",
                        "Text to search in = content",
                        "Pattern options = Compiled",
                        "Result = address",
                        "ResultType = System.Collections.Generic.IEnumerable`1[System.Text.RegularExpressions.Match]",
                        "Private = False"
                    ]
                },
                {
                    "1.278 Find Matching Patterns (Matches)": [
                        "Pattern = District: (.*),",
                        "Text to search in = content",
                        "Pattern options = IgnoreCase, Compiled",
                        "Result = district",
                        "ResultType = System.Collections.Generic.IEnumerable`1[System.Text.RegularExpressions.Match]",
                        "Private = False"
                    ]
                },
                {
                    "1.256 Find Matching Patterns (Matches)": [
                        "Pattern = State: (.*),",
                        "Text to search in = content",
                        "Pattern options = IgnoreCase, Compiled",
                        "Result = state",
                        "ResultType = System.Collections.Generic.IEnumerable`1[System.Text.RegularExpressions.Match]",
                        "Private = False"
                    ]
                },
                {
                    "1.234 Find Matching Patterns (Matches)": [
                        "Pattern = PIN Code: (.*),",
                        "Text to search in = content",
                        "Pattern options = IgnoreCase, Compiled",
                        "Result = pincode",
                        "ResultType = System.Collections.Generic.IEnumerable`1[System.Text.RegularExpressions.Match]",
                        "Private = False"
                    ]
                },
                {
                    "1.212 Find Matching Patterns (Matches)": [
                        "Pattern = To((.*)\\n){3}",
                        "Text to search in = content",
                        "Pattern options = Compiled",
                        "Result = name",
                        "ResultType = System.Collections.Generic.IEnumerable`1[System.Text.RegularExpressions.Match]",
                        "Private = False"
                    ]
                },
                {
                    "1.190 Find Matching Patterns (Matches)": [
                        "Pattern = Mobile: (\\d{10})",
                        "Text to search in = content",
                        "Pattern options = IgnoreCase, Compiled",
                        "Result = mobile",
                        "ResultType = System.Collections.Generic.IEnumerable`1[System.Text.RegularExpressions.Match]",
                        "Private = False"
                    ]
                },
                {
                    "1.179 Build Data Table (BuildDataTable)": [
                        "Data Table = details",
                        "Private = False"
                    ]
                },
                {
                    "1.158 Add Data Row (AddDataRow)": [
                        "DataTable = details",
                        "ArrayRow = {\"Name\", name(0).groups(1).value.ToString}",
                        "Private = False"
                    ]
                },
                {
                    "1.137 Add Data Row (AddDataRow)": [
                        "DataTable = details",
                        "ArrayRow = {\"Aadhaar No.\", aadhaarNo(0).groups(0).value.ToString}",
                        "Private = False"
                    ]
                },
                {
                    "1.116 Add Data Row (AddDataRow)": [
                        "DataTable = details",
                        "ArrayRow = {\"Address\", address(0).groups(1).value.ToString}",
                        "Private = False"
                    ]
                },
                {
                    "1.95 Add Data Row (AddDataRow)": [
                        "DataTable = details",
                        "ArrayRow = {\"District\", district(0).groups(1).value.ToString}",
                        "Private = False"
                    ]
                },
                {
                    "1.74 Add Data Row (AddDataRow)": [
                        "DataTable = details",
                        "ArrayRow = {\"State\", state(0).groups(1).value.ToString}",
                        "Private = False"
                    ]
                },
                {
                    "1.53 Add Data Row (AddDataRow)": [
                        "DataTable = details",
                        "ArrayRow = {\"Pincode\", pincode(0).groups(1).value.ToString}",
                        "Private = False"
                    ]
                },
                {
                    "1.32 Add Data Row (AddDataRow)": [
                        "DataTable = details",
                        "ArrayRow = {\"Mobile No.\", mobile(0).groups(1).value.ToString}",
                        "Private = False"
                    ]
                },
                {
                    "1.2 Excel Process Scope (ExcelProcessScopeX)": [
                        "Private = False",
                        {
                            "Body": [
                                {
                                    "1.3 Do (Sequence)": [
                                        "Private = False",
                                        {
                                            "Activities": [
                                                {
                                                    "1.4 Use Excel File (ExcelApplicationCard)": [
                                                        "Workbook path = D:\\RPA Paper\\Vineet's Aadhaar Details.xlsx",
                                                        "Create if not exists = True",
                                                        "Save changes = True",
                                                        "Read-only = False",
                                                        "Keep excel file open = False",
                                                        "Resize window = None",
                                                        "Sensitivity operation = None",
                                                        "Private = False",
                                                        {
                                                            "Body": [
                                                                {
                                                                    "1.5 Do (Sequence)": [
                                                                        "Private = False",
                                                                        {
                                                                            "Activities": [
                                                                                {
                                                                                    "1.6 Write DataTable to Excel (WriteRangeX)": [
                                                                                        "What to write = details",
                                                                                        "Destination = Excel.Sheet(\"Sheet1\")",
                                                                                        "Append = False",
                                                                                        "Exclude headers = True",
                                                                                        "Ignore empty source = False",
                                                                                        "Private = False"
                                                                                    ]
                                                                                }
                                                                            ]
                                                                        }
                                                                    ]
                                                                }
                                                            ]
                                                        }
                                                    ]
                                                }
                                            ]
                                        }
                                    ]
                                }
                            ]
                        }
                    ]
                }
            ]
        }
    ]
}